pin name,Arria10 pin num,fmc pin,io standard,section,subsection,use
AD1939_ADC_ABCLK,AL15,H05,LVDS,lpc,clk,TRUE
AD1939_ADC_ALRCLK,R9,G22,1.8V,lpc,io,TRUE
AD1939_ADC_ASDATA1,T10,H20,1.8V,lpc,io,TRUE
AD1939_ADC_ASDATA2,U10,H19,1.8V,lpc,io,TRUE
AD1939_DAC_DBCLK,AM15,H04,LVDS,lpc,clk,TRUE
AD1939_DAC_DLRCLK,U8,G18,1.8V,lpc,io,TRUE
AD1939_DAC_DSDATA1,AH19,G16,1.8V,lpc,io,TRUE
AD1939_DAC_DSDATA2,AJ15,H16,1.8V,lpc,io,TRUE
AD1939_DAC_DSDATA3,AH18,G15,1.8V,lpc,io,TRUE
AD1939_DAC_DSDATA4,AG18,H14,1.8V,lpc,io,TRUE
AD1939_MCLK,AD11,G03,LVDS,lpc,clk,TRUE
AD1939_RESET_n,AF18,H13,1.8V,lpc,io,TRUE
AD1939_spi_CCLK,L8,G31,1.8V,lpc,io,TRUE
AD1939_spi_CIN,R7,H23,1.8V,lpc,io,TRUE
AD1939_spi_CLATCH_n,V9,G27,1.8V,lpc,io,TRUE
AD1939_spi_COUT,V8,G28,1.8V,lpc,io,TRUE
clk_25mhz_fpga,AJ9,,1.2V,misc,clk,TRUE
clk_a10_0,E23,,1.2V,misc,clk,FALSE
clk_a10_1,AH8,,1.2V,misc,clk,FALSE
clk_sync_pwr,AE17,,1.8 V,misc,clk,FALSE
clk_xcvr[1],Y28,,LVDS,misc,clk,FALSE
clk_xcvr[1](n),Y27,,LVDS,misc,clk,FALSE
clk_xcvr[2],V28,,LVDS,misc,clk,FALSE
clk_xcvr[2](n),V27,,LVDS,misc,clk,FALSE
clk_xcvr[3],M28,,LVDS,misc,clk,FALSE
clk_xcvr[3](n),M27,,LVDS,misc,clk,FALSE
ddr4_a[0],AH3,,SSTL-12,misc,ddr4,FALSE
ddr4_a[1],AG3,,SSTL-12,misc,ddr4,FALSE
ddr4_a[10],AE2,,SSTL-12,misc,ddr4,FALSE
ddr4_a[11],AE3,,SSTL-12,misc,ddr4,FALSE
ddr4_a[12],AE7,,SSTL-12,misc,ddr4,FALSE
ddr4_a[13],AC8,,SSTL-12,misc,ddr4,FALSE
ddr4_a[14],AD9,,SSTL-12,misc,ddr4,FALSE
ddr4_a[15],AC9,,SSTL-12,misc,ddr4,FALSE
ddr4_a[16],AC10,,SSTL-12,misc,ddr4,FALSE
ddr4_a[2],AG6,,SSTL-12,misc,ddr4,FALSE
ddr4_a[3],AF6,,SSTL-12,misc,ddr4,FALSE
ddr4_a[4],AF1,,SSTL-12,misc,ddr4,FALSE
ddr4_a[5],AE1,,SSTL-12,misc,ddr4,FALSE
ddr4_a[6],AF4,,SSTL-12,misc,ddr4,FALSE
ddr4_a[7],AF3,,SSTL-12,misc,ddr4,FALSE
ddr4_a[8],AG5,,SSTL-12,misc,ddr4,FALSE
ddr4_a[9],AF5,,SSTL-12,misc,ddr4,FALSE
ddr4_act_n[0],AJ2,,SSTL-12,misc,ddr4,FALSE
ddr4_alert_n,AH4,,SSTL-12,misc,ddr4,FALSE
ddr4_alert_n[0],AH4,,SSTL-12,misc,ddr4,FALSE
ddr4_ba[0],AD6,,SSTL-12,misc,ddr4,FALSE
ddr4_ba[1],AD7,,SSTL-12,misc,ddr4,FALSE
ddr4_bg[0],AC7,,SSTL-12,misc,ddr4,FALSE
ddr4_bg[1],AL1,,SSTL-12,misc,ddr4,FALSE
ddr4_ck_n[0],AH2,,DIFFERENTIAL 1.2-V SSTL,misc,ddr4,FALSE
ddr4_ck[0],AJ1,,DIFFERENTIAL 1.2-V SSTL,misc,ddr4,FALSE
ddr4_cke[0],AJ4,,SSTL-12,misc,ddr4,FALSE
ddr4_cs_n[0],AK2,,SSTL-12,misc,ddr4,FALSE
ddr4_dbi_n[0],AM6,,1.2-V POD,misc,ddr4,FALSE
ddr4_dbi_n[1],AN5,,1.2-V POD,misc,ddr4,FALSE
ddr4_dbi_n[2],AE9,,1.2-V POD,misc,ddr4,FALSE
ddr4_dbi_n[3],AD1,,1.2-V POD,misc,ddr4,FALSE
ddr4_dq[0],AM3,,1.2-V POD,misc,ddr4,FALSE
ddr4_dq[1],AL6,,1.2-V POD,misc,ddr4,FALSE
ddr4_dq[10],AP6,,1.2-V POD,misc,ddr4,FALSE
ddr4_dq[11],AL9,,1.2-V POD,misc,ddr4,FALSE
ddr4_dq[12],AP5,,1.2-V POD,misc,ddr4,FALSE
ddr4_dq[13],AP7,,1.2-V POD,misc,ddr4,FALSE
ddr4_dq[14],AM8,,1.2-V POD,misc,ddr4,FALSE
ddr4_dq[15],AM7,,1.2-V POD,misc,ddr4,FALSE
ddr4_dq[16],AH10,,1.2-V POD,misc,ddr4,FALSE
ddr4_dq[17],AE8,,1.2-V POD,misc,ddr4,FALSE
ddr4_dq[18],AG11,,1.2-V POD,misc,ddr4,FALSE
ddr4_dq[19],AF9,,1.2-V POD,misc,ddr4,FALSE
ddr4_dq[2],AL3,,1.2-V POD,misc,ddr4,FALSE
ddr4_dq[20],AH9,,1.2-V POD,misc,ddr4,FALSE
ddr4_dq[21],AE11,,1.2-V POD,misc,ddr4,FALSE
ddr4_dq[22],AF8,,1.2-V POD,misc,ddr4,FALSE
ddr4_dq[23],AF11,,1.2-V POD,misc,ddr4,FALSE
ddr4_dq[24],AB5,,1.2-V POD,misc,ddr4,FALSE
ddr4_dq[25],AB11,,1.2-V POD,misc,ddr4,FALSE
ddr4_dq[26],AD4,,1.2-V POD,misc,ddr4,FALSE
ddr4_dq[27],AB6,,1.2-V POD,misc,ddr4,FALSE
ddr4_dq[28],AD2,,1.2-V POD,misc,ddr4,FALSE
ddr4_dq[29],AB10,,1.2-V POD,misc,ddr4,FALSE
ddr4_dq[3],AM5,,1.2-V POD,misc,ddr4,FALSE
ddr4_dq[30],AE4,,1.2-V POD,misc,ddr4,FALSE
ddr4_dq[31],AC5,,1.2-V POD,misc,ddr4,FALSE
ddr4_dq[4],AP4,,1.2-V POD,misc,ddr4,FALSE
ddr4_dq[5],AK6,,1.2-V POD,misc,ddr4,FALSE
ddr4_dq[6],AN4,,1.2-V POD,misc,ddr4,FALSE
ddr4_dq[7],AL4,,1.2-V POD,misc,ddr4,FALSE
ddr4_dq[8],AL8,,1.2-V POD,misc,ddr4,FALSE
ddr4_dq[9],AN8,,1.2-V POD,misc,ddr4,FALSE
ddr4_dqs[0],AM1,,DIFFERENTIAL 1.2-V POD,misc,ddr4,FALSE
ddr4_dqs[0](n),AM2,,DIFFERENTIAL 1.2-V POD,misc,ddr4,FALSE
ddr4_dqs[1],AP9,,DIFFERENTIAL 1.2-V POD,misc,ddr4,FALSE
ddr4_dqs[1](n),AN9,,DIFFERENTIAL 1.2-V POD,misc,ddr4,FALSE
ddr4_dqs[2],AG10,,DIFFERENTIAL 1.2-V POD,misc,ddr4,FALSE
ddr4_dqs[2](n),AF10,,DIFFERENTIAL 1.2-V POD,misc,ddr4,FALSE
ddr4_dqs[3],AB8,,DIFFERENTIAL 1.2-V POD,misc,ddr4,FALSE
ddr4_dqs[3](n),AB7,,DIFFERENTIAL 1.2-V POD,misc,ddr4,FALSE
ddr4_oct_rzqin,AJ7,,1.2V,misc,ddr4,FALSE
ddr4_odt[0],AK4,,SSTL-12,misc,ddr4,FALSE
ddr4_par[0],AG2,,SSTL-12,misc,ddr4,FALSE
ddr4_pll_ref_clk,AL5,,1.2V,misc,ddr4,FALSE
ddr4_reset_n[0],AK1,,1.2V,misc,ddr4,FALSE
fmc_std_scl,AG1,C30,1.2V,hpc,misc,TRUE
fmc_std_sda,AK3,C31,1.2V,hpc,misc,TRUE
fpga_dsw_1,L20,,,misc,misc,FALSE
fpga_dsw_2,M20,,,misc,misc,FALSE
fx3_a[0],AK21,,1.8V,fx3,,FALSE
fx3_a[1],AM21,,1.8V,fx3,,FALSE
fx3_dq[0],AL19,,1.8V,fx3,,FALSE
fx3_dq[1],AN19,,1.8V,fx3,,FALSE
fx3_dq[2],AP19,,1.8V,fx3,,FALSE
fx3_dq[3],AM20,,1.8V,fx3,,FALSE
fx3_dq[4],AJ19,,1.8V,fx3,,FALSE
fx3_dq[5],AK19,,1.8V,fx3,,FALSE
fx3_dq[6],AL20,,1.8V,fx3,,FALSE
fx3_dq[7],AL21,,1.8V,fx3,,FALSE
fx3_flaga,B26,,1.2V,fx3,,FALSE
fx3_flagb,C24,,1.2V,fx3,,FALSE
fx3_flagc,B23,,1.2V,fx3,,FALSE
fx3_flagd,C23,,1.2V,fx3,,FALSE
fx3_pclk,AC4,,1.2V,fx3,,FALSE
fx3_pktend_n,AJ6,,1.2V,fx3,,FALSE
fx3_slcs_n,AD5,,1.2V,fx3,,FALSE
fx3_sloe_n,AJ21,,1.8V,fx3,,FALSE
fx3_slrd_n,AJ20,,1.8V,fx3,,FALSE
fx3_slwr_n,AE6,,1.2V,fx3,,FALSE
hpc_clk_dir,AK7,B01,1.8V,hpc,clk,FALSE
hpc_clk0_m2c,R6,H04,LVDS,hpc,clk,TRUE
hpc_clk0_m2c(n),P6,H05,LVDS,hpc,clk,TRUE
hpc_clk1_m2c,W1,G02,LVDS,hpc,clk,TRUE
hpc_clk1_m2c(n),W2,G03,LVDS,hpc,clk,TRUE
hpc_clk2_bidir,G5,K04,LVDS,hpc,clk,TRUE
hpc_clk2_bidir(n),G6,K05,LVDS,hpc,clk,TRUE
hpc_clk3_bidir,D11,J02,LVDS,hpc,clk,TRUE
hpc_clk3_bidir(n),D10,J03,LVDS,hpc,clk,TRUE
hpc_dp_c2m[0],F32,C02,HIGH SPEED DIFFERENTIAL I/O,hpc,xcvr,FALSE
hpc_dp_c2m[0](n),F31,C03,HIGH SPEED DIFFERENTIAL I/O,hpc,xcvr,FALSE
hpc_dp_c2m[1],H32,A22,HIGH SPEED DIFFERENTIAL I/O,hpc,xcvr,FALSE
hpc_dp_c2m[1](n),H31,A23,HIGH SPEED DIFFERENTIAL I/O,hpc,xcvr,FALSE
hpc_dp_c2m[2],C34,A26,HIGH SPEED DIFFERENTIAL I/O,hpc,xcvr,FALSE
hpc_dp_c2m[2](n),C33,A27,HIGH SPEED DIFFERENTIAL I/O,hpc,xcvr,FALSE
hpc_dp_c2m[3],E34,A30,HIGH SPEED DIFFERENTIAL I/O,hpc,xcvr,FALSE
hpc_dp_c2m[3](n),E33,A31,HIGH SPEED DIFFERENTIAL I/O,hpc,xcvr,FALSE
hpc_dp_c2m[4],G34,A34,HIGH SPEED DIFFERENTIAL I/O,hpc,xcvr,FALSE
hpc_dp_c2m[4](n),G33,A35,HIGH SPEED DIFFERENTIAL I/O,hpc,xcvr,FALSE
hpc_dp_c2m[5],J34,A38,HIGH SPEED DIFFERENTIAL I/O,hpc,xcvr,FALSE
hpc_dp_c2m[5](n),J33,A39,HIGH SPEED DIFFERENTIAL I/O,hpc,xcvr,FALSE
hpc_dp_c2m[6],L34,B36,HIGH SPEED DIFFERENTIAL I/O,hpc,xcvr,FALSE
hpc_dp_c2m[6](n),L33,B37,HIGH SPEED DIFFERENTIAL I/O,hpc,xcvr,FALSE
hpc_dp_c2m[7],N34,B32,HIGH SPEED DIFFERENTIAL I/O,hpc,xcvr,FALSE
hpc_dp_c2m[7](n),N33,B33,HIGH SPEED DIFFERENTIAL I/O,hpc,xcvr,FALSE
hpc_dp_c2m[8],R34,B28,HIGH SPEED DIFFERENTIAL I/O,hpc,xcvr,FALSE
hpc_dp_c2m[8](n),R33,B29,HIGH SPEED DIFFERENTIAL I/O,hpc,xcvr,FALSE
hpc_dp_c2m[9],U34,B24,HIGH SPEED DIFFERENTIAL I/O,hpc,xcvr,FALSE
hpc_dp_c2m[9](n),U33,B25,HIGH SPEED DIFFERENTIAL I/O,hpc,xcvr,FALSE
hpc_dp_m2c[0],G30,C06,HIGH SPEED DIFFERENTIAL I/O,hpc,xcvr,FALSE
hpc_dp_m2c[0](n),G29,C07,HIGH SPEED DIFFERENTIAL I/O,hpc,xcvr,FALSE
hpc_dp_m2c[1],J30,A02,HIGH SPEED DIFFERENTIAL I/O,hpc,xcvr,FALSE
hpc_dp_m2c[1](n),J29,A03,HIGH SPEED DIFFERENTIAL I/O,hpc,xcvr,FALSE
hpc_dp_m2c[2],K32,A06,HIGH SPEED DIFFERENTIAL I/O,hpc,xcvr,FALSE
hpc_dp_m2c[2](n),K31,A07,HIGH SPEED DIFFERENTIAL I/O,hpc,xcvr,FALSE
hpc_dp_m2c[3],L30,A10,HIGH SPEED DIFFERENTIAL I/O,hpc,xcvr,FALSE
hpc_dp_m2c[3](n),L29,A11,HIGH SPEED DIFFERENTIAL I/O,hpc,xcvr,FALSE
hpc_dp_m2c[4],M32,A14,HIGH SPEED DIFFERENTIAL I/O,hpc,xcvr,FALSE
hpc_dp_m2c[4](n),M31,A15,HIGH SPEED DIFFERENTIAL I/O,hpc,xcvr,FALSE
hpc_dp_m2c[5],N30,A18,HIGH SPEED DIFFERENTIAL I/O,hpc,xcvr,FALSE
hpc_dp_m2c[5](n),N29,A19,HIGH SPEED DIFFERENTIAL I/O,hpc,xcvr,FALSE
hpc_dp_m2c[6],P32,B16,HIGH SPEED DIFFERENTIAL I/O,hpc,xcvr,FALSE
hpc_dp_m2c[6](n),P31,B17,HIGH SPEED DIFFERENTIAL I/O,hpc,xcvr,FALSE
hpc_dp_m2c[7],R30,B12,HIGH SPEED DIFFERENTIAL I/O,hpc,xcvr,FALSE
hpc_dp_m2c[7](n),R29,B13,HIGH SPEED DIFFERENTIAL I/O,hpc,xcvr,FALSE
hpc_dp_m2c[8],T32,B08,HIGH SPEED DIFFERENTIAL I/O,hpc,xcvr,FALSE
hpc_dp_m2c[8](n),T31,B09,HIGH SPEED DIFFERENTIAL I/O,hpc,xcvr,FALSE
hpc_dp_m2c[9],U30,B04,HIGH SPEED DIFFERENTIAL I/O,hpc,xcvr,FALSE
hpc_dp_m2c[9](n),U29,B05,HIGH SPEED DIFFERENTIAL I/O,hpc,xcvr,FALSE
hpc_gbtclk0_m2c,AB28,D04,LVDS,hpc,xcvr,FALSE
hpc_gbtclk0_m2c(n),AB27,D05,LVDS,hpc,xcvr,FALSE
hpc_gbtclk1_m2c,P28,B20,LVDS,hpc,xcvr,FALSE
hpc_gbtclk1_m2c(n),P27,B21,LVDS,hpc,xcvr,FALSE
hpc_ha_n[0],A11,F05,1.8V,hpc,io,TRUE
hpc_ha_n[1],A9,E03,1.8V,hpc,io,TRUE
hpc_ha_n[10],B7,K14,1.8V,hpc,io,TRUE
hpc_ha_n[11],C4,J13,1.8V,hpc,io,TRUE
hpc_ha_n[12],D7,F14,1.8V,hpc,io,TRUE
hpc_ha_n[13],E12,E13,1.8V,hpc,io,TRUE
hpc_ha_n[14],C9,J16,1.8V,hpc,io,TRUE
hpc_ha_n[15],G11,F17,1.8V,hpc,io,TRUE
hpc_ha_n[16],F13,E16,1.8V,hpc,io,TRUE
hpc_ha_n[17],E9,K17,1.8V,hpc,io,TRUE
hpc_ha_n[18],K13,J19,1.8V,hpc,io,TRUE
hpc_ha_n[19],J12,F20,1.8V,hpc,io,TRUE
hpc_ha_n[2],B12,K08,1.8V,hpc,io,TRUE
hpc_ha_n[20],M13,E19,1.8V,hpc,io,TRUE
hpc_ha_n[21],E11,K20,1.8V,hpc,io,TRUE
hpc_ha_n[22],H13,J22,1.8V,hpc,io,TRUE
hpc_ha_n[23],M10,K23,1.8V,hpc,io,TRUE
hpc_ha_n[3],B10,J07,1.8V,hpc,io,TRUE
hpc_ha_n[4],C13,F08,1.8V,hpc,io,TRUE
hpc_ha_n[5],A6,E07,1.8V,hpc,io,TRUE
hpc_ha_n[6],A4,K11,1.8V,hpc,io,TRUE
hpc_ha_n[7],B8,J10,1.8V,hpc,io,TRUE
hpc_ha_n[8],C5,F11,1.8V,hpc,io,TRUE
hpc_ha_n[9],A5,E10,1.8V,hpc,io,TRUE
hpc_ha_p[0],A10,F04,1.8V,hpc,io,TRUE
hpc_ha_p[1],A8,E02,1.8V,hpc,io,TRUE
hpc_ha_p[10],C7,K13,1.8V,hpc,io,TRUE
hpc_ha_p[11],D4,J12,1.8V,hpc,io,TRUE
hpc_ha_p[12],D6,F13,1.8V,hpc,io,TRUE
hpc_ha_p[13],D12,E12,1.8V,hpc,io,TRUE
hpc_ha_p[14],D9,J15,1.8V,hpc,io,TRUE
hpc_ha_p[15],G12,F16,1.8V,hpc,io,TRUE
hpc_ha_p[16],E13,E15,1.8V,hpc,io,TRUE
hpc_ha_p[17],E8,K16,1.8V,hpc,io,TRUE
hpc_ha_p[18],K12,J18,1.8V,hpc,io,TRUE
hpc_ha_p[19],H12,F19,1.8V,hpc,io,TRUE
hpc_ha_p[2],B11,K07,1.8V,hpc,io,TRUE
hpc_ha_p[20],L13,E18,1.8V,hpc,io,TRUE
hpc_ha_p[21],F11,K19,1.8V,hpc,io,TRUE
hpc_ha_p[22],G13,J21,1.8V,hpc,io,TRUE
hpc_ha_p[23],N10,K22,1.8V,hpc,io,TRUE
hpc_ha_p[3],C10,J06,1.8V,hpc,io,TRUE
hpc_ha_p[4],C12,F07,1.8V,hpc,io,TRUE
hpc_ha_p[5],B6,E06,1.8V,hpc,io,TRUE
hpc_ha_p[6],A3,K10,1.8V,hpc,io,TRUE
hpc_ha_p[7],C8,J09,1.8V,hpc,io,TRUE
hpc_ha_p[8],D5,F10,1.8V,hpc,io,TRUE
hpc_ha_p[9],B5,E09,1.8V,hpc,io,TRUE
hpc_hb_n[0],F9,K26,1.8V,hpc,io,TRUE
hpc_hb_n[1],E3,J25,1.8V,hpc,io,TRUE
hpc_hb_n[10],L11,K32,1.8V,hpc,io,TRUE
hpc_hb_n[11],D2,J31,1.8V,hpc,io,TRUE
hpc_hb_n[12],H4,F32,1.8V,hpc,io,TRUE
hpc_hb_n[13],H7,E31,1.8V,hpc,io,TRUE
hpc_hb_n[14],D1,K35,1.8V,hpc,io,TRUE
hpc_hb_n[15],F1,J34,1.8V,hpc,io,TRUE
hpc_hb_n[16],J9,F35,1.8V,hpc,io,TRUE
hpc_hb_n[17],J7,K38,1.8V,hpc,io,TRUE
hpc_hb_n[18],H8,J37,1.8V,hpc,io,TRUE
hpc_hb_n[19],L10,E34,1.8V,hpc,io,TRUE
hpc_hb_n[2],F5,F23,1.8V,hpc,io,TRUE
hpc_hb_n[20],J11,F38,1.8V,hpc,io,TRUE
hpc_hb_n[21],H10,E37,1.8V,hpc,io,TRUE
hpc_hb_n[3],E4,E22,1.8V,hpc,io,TRUE
hpc_hb_n[4],G7,F26,1.8V,hpc,io,TRUE
hpc_hb_n[5],E6,E25,1.8V,hpc,io,TRUE
hpc_hb_n[6],F10,K29,1.8V,hpc,io,TRUE
hpc_hb_n[7],B3,J28,1.8V,hpc,io,TRUE
hpc_hb_n[8],H2,F29,1.8V,hpc,io,TRUE
hpc_hb_n[9],G3,E28,1.8V,hpc,io,TRUE
hpc_hb_p[0],F8,K25,1.8V,hpc,io,TRUE
hpc_hb_p[1],F3,J24,1.8V,hpc,io,TRUE
hpc_hb_p[10],M11,K31,1.8V,hpc,io,TRUE
hpc_hb_p[11],E2,J30,1.8V,hpc,io,TRUE
hpc_hb_p[12],H5,F31,1.8V,hpc,io,TRUE
hpc_hb_p[13],J6,E30,1.8V,hpc,io,TRUE
hpc_hb_p[14],E1,K34,1.8V,hpc,io,TRUE
hpc_hb_p[15],G1,J33,1.8V,hpc,io,TRUE
hpc_hb_p[16],K9,F34,1.8V,hpc,io,TRUE
hpc_hb_p[17],K8,K37,1.8V,hpc,io,TRUE
hpc_hb_p[18],H9,J36,1.8V,hpc,io,TRUE
hpc_hb_p[19],L9,E33,1.8V,hpc,io,TRUE
hpc_hb_p[2],F6,F22,1.8V,hpc,io,TRUE
hpc_hb_p[20],K11,F37,1.8V,hpc,io,TRUE
hpc_hb_p[21],J10,E36,1.8V,hpc,io,TRUE
hpc_hb_p[3],F4,E21,1.8V,hpc,io,TRUE
hpc_hb_p[4],G8,F25,1.8V,hpc,io,TRUE
hpc_hb_p[5],E7,E24,1.8V,hpc,io,TRUE
hpc_hb_p[6],G10,K28,1.8V,hpc,io,TRUE
hpc_hb_p[7],C3,J27,1.8V,hpc,io,TRUE
hpc_hb_p[8],H3,F28,1.8V,hpc,io,TRUE
hpc_hb_p[9],G2,E27,1.8V,hpc,io,TRUE
hpc_la_n[0],K2,G07,1.8V,hpc,io,TRUE
hpc_la_n[1],K4,D09,1.8V,hpc,io,TRUE
hpc_la_n[10],R3,C15,1.8V,hpc,io,TRUE
hpc_la_n[11],R2,H17,1.8V,hpc,io,TRUE
hpc_la_n[12],P1,G16,1.8V,hpc,io,TRUE
hpc_la_n[13],R4,D18,1.8V,hpc,io,TRUE
hpc_la_n[14],U5,C19,1.8V,hpc,io,TRUE
hpc_la_n[15],T1,H20,1.8V,hpc,io,TRUE
hpc_la_n[16],V3,G19,1.8V,hpc,io,TRUE
hpc_la_n[17],V4,D21,1.8V,hpc,io,TRUE
hpc_la_n[18],Y4,C23,1.8V,hpc,io,TRUE
hpc_la_n[19],Y2,H23,1.8V,hpc,io,TRUE
hpc_la_n[2],J5,H08,1.8V,hpc,io,TRUE
hpc_la_n[20],U2,G22,1.8V,hpc,io,TRUE
hpc_la_n[21],AC2,H26,1.8V,hpc,io,TRUE
hpc_la_n[22],AB3,G25,1.8V,hpc,io,TRUE
hpc_la_n[23],AA1,D24,1.8V,hpc,io,TRUE
hpc_la_n[24],Y7,H29,1.8V,hpc,io,TRUE
hpc_la_n[25],AA6,G28,1.8V,hpc,io,TRUE
hpc_la_n[26],AA4,D27,1.8V,hpc,io,TRUE
hpc_la_n[27],W5,C27,1.8V,hpc,io,TRUE
hpc_la_n[28],AA9,H32,1.8V,hpc,io,TRUE
hpc_la_n[29],Y9,G31,1.8V,hpc,io,TRUE
hpc_la_n[3],J2,G10,1.8V,hpc,io,TRUE
hpc_la_n[30],AK14,H35,1.8V,hpc,io,TRUE
hpc_la_n[31],AK13,G34,1.8V,hpc,io,TRUE
hpc_la_n[32],AM13,H38,1.8V,hpc,io,TRUE
hpc_la_n[33],AP12,G37,1.8V,hpc,io,TRUE
hpc_la_n[4],L1,H11,1.8V,hpc,io,TRUE
hpc_la_n[5],N5,D12,1.8V,hpc,io,TRUE
hpc_la_n[6],K3,C11,1.8V,hpc,io,TRUE
hpc_la_n[7],M3,H14,1.8V,hpc,io,TRUE
hpc_la_n[8],N3,G13,1.8V,hpc,io,TRUE
hpc_la_n[9],P5,D15,1.8V,hpc,io,TRUE
hpc_la_p[0],K1,G06,1.8V,hpc,io,TRUE
hpc_la_p[1],L4,D08,1.8V,hpc,io,TRUE
hpc_la_p[10],T3,C14,1.8V,hpc,io,TRUE
hpc_la_p[11],P2,H16,1.8V,hpc,io,TRUE
hpc_la_p[12],R1,G15,1.8V,hpc,io,TRUE
hpc_la_p[13],T4,D17,1.8V,hpc,io,TRUE
hpc_la_p[14],U6,C18,1.8V,hpc,io,TRUE
hpc_la_p[15],U1,H19,1.8V,hpc,io,TRUE
hpc_la_p[16],U3,G18,1.8V,hpc,io,TRUE
hpc_la_p[17],V5,D20,1.8V,hpc,io,TRUE
hpc_la_p[18],Y3,C22,1.8V,hpc,io,TRUE
hpc_la_p[19],Y1,H22,1.8V,hpc,io,TRUE
hpc_la_p[2],J4,H07,1.8V,hpc,io,TRUE
hpc_la_p[20],V2,G21,1.8V,hpc,io,TRUE
hpc_la_p[21],AC3,H25,1.8V,hpc,io,TRUE
hpc_la_p[22],AB2,G24,1.8V,hpc,io,TRUE
hpc_la_p[23],AB1,D23,1.8V,hpc,io,TRUE
hpc_la_p[24],Y6,H28,1.8V,hpc,io,TRUE
hpc_la_p[25],AA5,G27,1.8V,hpc,io,TRUE
hpc_la_p[26],AA3,D26,1.8V,hpc,io,TRUE
hpc_la_p[27],W4,C26,1.8V,hpc,io,TRUE
hpc_la_p[28],AA8,H31,1.8V,hpc,io,TRUE
hpc_la_p[29],Y8,G30,1.8V,hpc,io,TRUE
hpc_la_p[3],J1,G09,1.8V,hpc,io,TRUE
hpc_la_p[30],AL14,H34,1.8V,hpc,io,TRUE
hpc_la_p[31],AL13,G33,1.8V,hpc,io,TRUE
hpc_la_p[32],AN13,H37,1.8V,hpc,io,TRUE
hpc_la_p[33],AN12,G36,1.8V,hpc,io,TRUE
hpc_la_p[4],M1,H10,1.8V,hpc,io,TRUE
hpc_la_p[5],N4,D11,1.8V,hpc,io,TRUE
hpc_la_p[6],L3,C10,1.8V,hpc,io,TRUE
hpc_la_p[7],M2,H13,1.8V,hpc,io,TRUE
hpc_la_p[8],N2,G12,1.8V,hpc,io,TRUE
hpc_la_p[9],P4,D14,1.8V,hpc,io,TRUE
hps_ddr4_a[0],H27,,SSTL-12,hps,ddr4,TRUE
hps_ddr4_a[1],G27,,SSTL-12,hps,ddr4,TRUE
hps_ddr4_a[10],G26,,SSTL-12,hps,ddr4,TRUE
hps_ddr4_a[11],F26,,SSTL-12,hps,ddr4,TRUE
hps_ddr4_a[12],F24,,SSTL-12,hps,ddr4,TRUE
hps_ddr4_a[13],E27,,SSTL-12,hps,ddr4,TRUE
hps_ddr4_a[14],D27,,SSTL-12,hps,ddr4,TRUE
hps_ddr4_a[15],E22,,SSTL-12,hps,ddr4,TRUE
hps_ddr4_a[16],F23,,SSTL-12,hps,ddr4,TRUE
hps_ddr4_a[2],G23,,SSTL-12,hps,ddr4,TRUE
hps_ddr4_a[3],G22,,SSTL-12,hps,ddr4,TRUE
hps_ddr4_a[4],H25,,SSTL-12,hps,ddr4,TRUE
hps_ddr4_a[5],G25,,SSTL-12,hps,ddr4,TRUE
hps_ddr4_a[6],H24,,SSTL-12,hps,ddr4,TRUE
hps_ddr4_a[7],H23,,SSTL-12,hps,ddr4,TRUE
hps_ddr4_a[8],H22,,SSTL-12,hps,ddr4,TRUE
hps_ddr4_a[9],J22,,SSTL-12,hps,ddr4,TRUE
hps_ddr4_act_n[0],J24,,SSTL-12,hps,ddr4,TRUE
hps_ddr4_alert_n[0],AN20,,SSTL-12,hps,ddr4,TRUE
hps_ddr4_ba[0],D26,,SSTL-12,hps,ddr4,TRUE
hps_ddr4_ba[1],D25,,SSTL-12,hps,ddr4,TRUE
hps_ddr4_bg[0],C25,,SSTL-12,hps,ddr4,TRUE
hps_ddr4_bg[1],M24,,SSTL-12,hps,ddr4,TRUE
hps_ddr4_ck_n[0],M23,,DIFFERENTIAL 1.2-V SSTL,hps,ddr4,TRUE
hps_ddr4_ck[0],L23,,DIFFERENTIAL 1.2-V SSTL,hps,ddr4,TRUE
hps_ddr4_cke[0],J27,,SSTL-12,hps,ddr4,TRUE
hps_ddr4_cs_n[0],K24,,SSTL-12,hps,ddr4,TRUE
hps_ddr4_dbi_n[0],AP24,,1.2-V POD,hps,ddr4,TRUE
hps_ddr4_dbi_n[1],AE23,,1.2-V POD,hps,ddr4,TRUE
hps_ddr4_dbi_n[2],AM27,,1.2-V POD,hps,ddr4,TRUE
hps_ddr4_dbi_n[3],AD25,,1.2-V POD,hps,ddr4,TRUE
hps_ddr4_dq[0],AP21,,1.2-V POD,hps,ddr4,TRUE
hps_ddr4_dq[1],AN24,,1.2-V POD,hps,ddr4,TRUE
hps_ddr4_dq[10],AK22,,1.2-V POD,hps,ddr4,TRUE
hps_ddr4_dq[11],AK24,,1.2-V POD,hps,ddr4,TRUE
hps_ddr4_dq[12],AF23,,1.2-V POD,hps,ddr4,TRUE
hps_ddr4_dq[13],AJ24,,1.2-V POD,hps,ddr4,TRUE
hps_ddr4_dq[14],AG23,,1.2-V POD,hps,ddr4,TRUE
hps_ddr4_dq[15],AL23,,1.2-V POD,hps,ddr4,TRUE
hps_ddr4_dq[16],AP26,,1.2-V POD,hps,ddr4,TRUE
hps_ddr4_dq[17],AL26,,1.2-V POD,hps,ddr4,TRUE
hps_ddr4_dq[18],AP27,,1.2-V POD,hps,ddr4,TRUE
hps_ddr4_dq[19],AK26,,1.2-V POD,hps,ddr4,TRUE
hps_ddr4_dq[2],AP22,,1.2-V POD,hps,ddr4,TRUE
hps_ddr4_dq[20],AP25,,1.2-V POD,hps,ddr4,TRUE
hps_ddr4_dq[21],AK27,,1.2-V POD,hps,ddr4,TRUE
hps_ddr4_dq[22],AN25,,1.2-V POD,hps,ddr4,TRUE
hps_ddr4_dq[23],AN27,,1.2-V POD,hps,ddr4,TRUE
hps_ddr4_dq[24],AJ27,,1.2-V POD,hps,ddr4,TRUE
hps_ddr4_dq[25],AD24,,1.2-V POD,hps,ddr4,TRUE
hps_ddr4_dq[26],AJ26,,1.2-V POD,hps,ddr4,TRUE
hps_ddr4_dq[27],AH27,,1.2-V POD,hps,ddr4,TRUE
hps_ddr4_dq[28],AJ25,,1.2-V POD,hps,ddr4,TRUE
hps_ddr4_dq[29],AE24,,1.2-V POD,hps,ddr4,TRUE
hps_ddr4_dq[3],AL24,,1.2-V POD,hps,ddr4,TRUE
hps_ddr4_dq[30],AH25,,1.2-V POD,hps,ddr4,TRUE
hps_ddr4_dq[31],AH26,,1.2-V POD,hps,ddr4,TRUE
hps_ddr4_dq[4],AP20,,1.2-V POD,hps,ddr4,TRUE
hps_ddr4_dq[5],AL25,,1.2-V POD,hps,ddr4,TRUE
hps_ddr4_dq[6],AM23,,1.2-V POD,hps,ddr4,TRUE
hps_ddr4_dq[7],AN23,,1.2-V POD,hps,ddr4,TRUE
hps_ddr4_dq[8],AK23,,1.2-V POD,hps,ddr4,TRUE
hps_ddr4_dq[9],AF24,,1.2-V POD,hps,ddr4,TRUE
hps_ddr4_dqs_n[0],AN22,,DIFFERENTIAL 1.2-V POD,hps,ddr4,TRUE
hps_ddr4_dqs_n[1],AH24,,DIFFERENTIAL 1.2-V POD,hps,ddr4,TRUE
hps_ddr4_dqs_n[2],AM26,,DIFFERENTIAL 1.2-V POD,hps,ddr4,TRUE
hps_ddr4_dqs_n[3],AF25,,DIFFERENTIAL 1.2-V POD,hps,ddr4,TRUE
hps_ddr4_dqs[0],AM22,,DIFFERENTIAL 1.2-V POD,hps,ddr4,TRUE
hps_ddr4_dqs[1],AH23,,DIFFERENTIAL 1.2-V POD,hps,ddr4,TRUE
hps_ddr4_dqs[2],AM25,,DIFFERENTIAL 1.2-V POD,hps,ddr4,TRUE
hps_ddr4_dqs[3],AG25,,DIFFERENTIAL 1.2-V POD,hps,ddr4,TRUE
hps_ddr4_oct_rzqin,F25,,1.2V,hps,ddr4,TRUE
hps_ddr4_odt[0],K25,,SSTL-12,hps,ddr4,TRUE
hps_ddr4_par[0],K22,,SSTL-12,hps,ddr4,TRUE
hps_ddr4_pll_ref_clk,AL27,,1.2V,hps,ddr4,TRUE
hps_ddr4_reset_n[0],L24,,1.2V,hps,ddr4,TRUE
hps_good,AE12,,1.2V,hps,misc,TRUE
hps_io_phery_emac1_MDC,L19,,1.8V,hps,ethernet,TRUE
hps_io_phery_emac1_MDIO,K19,,1.8V,hps,ethernet,TRUE
hps_io_phery_emac1_RX_CLK,G20,,1.8V,hps,ethernet,TRUE
hps_io_phery_emac1_RX_CTL,F20,,1.8V,hps,ethernet,TRUE
hps_io_phery_emac1_RXD0,F19,,1.8V,hps,ethernet,TRUE
hps_io_phery_emac1_RXD1,E19,,1.8V,hps,ethernet,TRUE
hps_io_phery_emac1_RXD2,C20,,1.8V,hps,ethernet,TRUE
hps_io_phery_emac1_RXD3,D20,,1.8V,hps,ethernet,TRUE
hps_io_phery_emac1_TX_CLK,E17,,1.8V,hps,ethernet,TRUE
hps_io_phery_emac1_TX_CTL,E18,,1.8V,hps,ethernet,TRUE
hps_io_phery_emac1_TXD0,E21,,1.8V,hps,ethernet,TRUE
hps_io_phery_emac1_TXD1,D21,,1.8V,hps,ethernet,TRUE
hps_io_phery_emac1_TXD2,D22,,1.8V,hps,ethernet,TRUE
hps_io_phery_emac1_TXD3,C22,,1.8V,hps,ethernet,TRUE
hps_io_phery_emac2_MDC,J21,,1.8V,hps,ethernet,TRUE
hps_io_phery_emac2_MDIO,K21,,1.8V,hps,ethernet,TRUE
hps_io_phery_emac2_RX_CLK,A18,,1.8V,hps,ethernet,TRUE
hps_io_phery_emac2_RX_CTL,B18,,1.8V,hps,ethernet,TRUE
hps_io_phery_emac2_RXD0,B22,,1.8V,hps,ethernet,TRUE
hps_io_phery_emac2_RXD1,A21,,1.8V,hps,ethernet,TRUE
hps_io_phery_emac2_RXD2,C19,,1.8V,hps,ethernet,TRUE
hps_io_phery_emac2_RXD3,D19,,1.8V,hps,ethernet,TRUE
hps_io_phery_emac2_TX_CLK,C18,,1.8V,hps,ethernet,TRUE
hps_io_phery_emac2_TX_CTL,D17,,1.8V,hps,ethernet,TRUE
hps_io_phery_emac2_TXD0,A19,,1.8V,hps,ethernet,TRUE
hps_io_phery_emac2_TXD1,A20,,1.8V,hps,ethernet,TRUE
hps_io_phery_emac2_TXD2,B21,,1.8V,hps,ethernet,TRUE
hps_io_phery_emac2_TXD3,B20,,1.8V,hps,ethernet,TRUE
hps_io_phery_sdmmc_CCLK,D15,,1.8V,hps,sdmmc,TRUE
hps_io_phery_sdmmc_CMD,C17,,1.8V,hps,sdmmc,TRUE
hps_io_phery_sdmmc_D0,B15,,1.8V,hps,sdmmc,TRUE
hps_io_phery_sdmmc_D1,B17,,1.8V,hps,sdmmc,TRUE
hps_io_phery_sdmmc_D2,D16,,1.8V,hps,sdmmc,TRUE
hps_io_phery_sdmmc_D3,A16,,1.8V,hps,sdmmc,TRUE
hps_io_phery_sdmmc_D4,G16,,1.8V,hps,sdmmc,TRUE
hps_io_phery_sdmmc_D5,A15,,1.8V,hps,sdmmc,TRUE
hps_io_phery_sdmmc_D6,C15,,1.8V,hps,sdmmc,TRUE
hps_io_phery_sdmmc_D7,F16,,1.8V,hps,sdmmc,TRUE
hps_io_phery_uart0_CTS_N,M17,,1.8V,hps,misc,TRUE
hps_io_phery_uart0_RTS_N,M18,,1.8V,hps,misc,TRUE
hps_io_phery_uart0_RX,L18,,1.8V,hps,misc,TRUE
hps_io_phery_uart0_TX,K18,,1.8V,hps,misc,TRUE
hps_io_phery_usb1_CLK,J20,,1.8V,hps,misc,TRUE
hps_io_phery_usb1_DATA0,H17,,1.8V,hps,misc,TRUE
hps_io_phery_usb1_DATA1,G21,,1.8V,hps,misc,TRUE
hps_io_phery_usb1_DATA2,G18,,1.8V,hps,misc,TRUE
hps_io_phery_usb1_DATA3,H18,,1.8V,hps,misc,TRUE
hps_io_phery_usb1_DATA4,F18,,1.8V,hps,misc,TRUE
hps_io_phery_usb1_DATA5,G17,,1.8V,hps,misc,TRUE
hps_io_phery_usb1_DATA6,J19,,1.8V,hps,misc,TRUE
hps_io_phery_usb1_DATA7,H19,,1.8V,hps,misc,TRUE
hps_io_phery_usb1_DIR,J17,,1.8V,hps,misc,TRUE
hps_io_phery_usb1_NXT,F21,,1.8V,hps,misc,TRUE
hps_io_phery_usb1_STP,H20,,1.8V,hps,misc,TRUE
hps_rst,A26,,1.2V,hps,misc,TRUE
hps_usr_led_g_n,F15,,1.8V,hps,misc,TRUE
hps_usr_led_r_n,H15,,1.8V,hps,misc,TRUE
INMP621_mic_CLK,AG16,D20,1.8V,lpc,io,TRUE
INMP621_mic_DATA,AF16,D21,1.8V,lpc,io,TRUE
led_usr_g_n,J25,,1.2V,misc,misc,TRUE
led_usr_r_n,J26,,1.2V,misc,misc,TRUE
lnk_f2m_dat,AG7,,1.2V,misc,misc,TRUE
lnk_m2f_dat,AH7,,1.2V,misc,misc,TRUE
lnk_m2f_rst,AK8,,1.2V,misc,misc,TRUE
lpc_clk1_m2c,AD10,G02,LVDS,lpc,clk,TRUE
lpc_dp_c2m[0],AP32,C02,HIGH SPEED DIFFERENTIAL I/O,lpc,xcvr,FALSE
lpc_dp_c2m[0](n),AP31,C03,HIGH SPEED DIFFERENTIAL I/O,lpc,xcvr,FALSE
lpc_dp_c2m[1],AM32,A22,HIGH SPEED DIFFERENTIAL I/O,lpc,xcvr,FALSE
lpc_dp_c2m[1](n),AM31,A23,HIGH SPEED DIFFERENTIAL I/O,lpc,xcvr,FALSE
lpc_dp_c2m[2],AK32,A26,HIGH SPEED DIFFERENTIAL I/O,lpc,xcvr,FALSE
lpc_dp_c2m[2](n),AK31,A27,HIGH SPEED DIFFERENTIAL I/O,lpc,xcvr,FALSE
lpc_dp_c2m[3],AH32,A30,HIGH SPEED DIFFERENTIAL I/O,lpc,xcvr,FALSE
lpc_dp_c2m[3](n),AH31,A31,HIGH SPEED DIFFERENTIAL I/O,lpc,xcvr,FALSE
lpc_dp_c2m[4],AN34,A34,HIGH SPEED DIFFERENTIAL I/O,lpc,xcvr,FALSE
lpc_dp_c2m[4](n),AN33,A35,HIGH SPEED DIFFERENTIAL I/O,lpc,xcvr,FALSE
lpc_dp_c2m[5],AL34,A38,HIGH SPEED DIFFERENTIAL I/O,lpc,xcvr,FALSE
lpc_dp_c2m[5](n),AL33,A39,HIGH SPEED DIFFERENTIAL I/O,lpc,xcvr,FALSE
lpc_dp_c2m[6],AJ34,B36,HIGH SPEED DIFFERENTIAL I/O,lpc,xcvr,FALSE
lpc_dp_c2m[6](n),AJ33,B37,HIGH SPEED DIFFERENTIAL I/O,lpc,xcvr,FALSE
lpc_dp_c2m[7],AG34,B32,HIGH SPEED DIFFERENTIAL I/O,lpc,xcvr,FALSE
lpc_dp_c2m[7](n),AG33,B33,HIGH SPEED DIFFERENTIAL I/O,lpc,xcvr,FALSE
lpc_dp_c2m[8],AE34,B28,HIGH SPEED DIFFERENTIAL I/O,lpc,xcvr,FALSE
lpc_dp_c2m[8](n),AE33,B29,HIGH SPEED DIFFERENTIAL I/O,lpc,xcvr,FALSE
lpc_dp_c2m[9],AC34,B24,HIGH SPEED DIFFERENTIAL I/O,lpc,xcvr,FALSE
lpc_dp_c2m[9](n),AC33,B25,HIGH SPEED DIFFERENTIAL I/O,lpc,xcvr,FALSE
lpc_dp_m2c[0],AL30,C06,HIGH SPEED DIFFERENTIAL I/O,lpc,xcvr,FALSE
lpc_dp_m2c[0](n),AL29,C07,HIGH SPEED DIFFERENTIAL I/O,lpc,xcvr,FALSE
lpc_dp_m2c[1],AJ30,A02,HIGH SPEED DIFFERENTIAL I/O,lpc,xcvr,FALSE
lpc_dp_m2c[1](n),AJ29,A03,HIGH SPEED DIFFERENTIAL I/O,lpc,xcvr,FALSE
lpc_dp_m2c[2],AG30,A06,HIGH SPEED DIFFERENTIAL I/O,lpc,xcvr,FALSE
lpc_dp_m2c[2](n),AG29,A07,HIGH SPEED DIFFERENTIAL I/O,lpc,xcvr,FALSE
lpc_dp_m2c[3],AF32,A10,HIGH SPEED DIFFERENTIAL I/O,lpc,xcvr,FALSE
lpc_dp_m2c[3](n),AF31,A11,HIGH SPEED DIFFERENTIAL I/O,lpc,xcvr,FALSE
lpc_dp_m2c[4],AE30,A14,HIGH SPEED DIFFERENTIAL I/O,lpc,xcvr,FALSE
lpc_dp_m2c[4](n),AE29,A15,HIGH SPEED DIFFERENTIAL I/O,lpc,xcvr,FALSE
lpc_dp_m2c[5],AD32,A18,HIGH SPEED DIFFERENTIAL I/O,lpc,xcvr,FALSE
lpc_dp_m2c[5](n),AD31,A19,HIGH SPEED DIFFERENTIAL I/O,lpc,xcvr,FALSE
lpc_dp_m2c[6],AC30,B16,HIGH SPEED DIFFERENTIAL I/O,lpc,xcvr,FALSE
lpc_dp_m2c[6](n),AC29,B17,HIGH SPEED DIFFERENTIAL I/O,lpc,xcvr,FALSE
lpc_dp_m2c[7],AB32,B12,HIGH SPEED DIFFERENTIAL I/O,lpc,xcvr,FALSE
lpc_dp_m2c[7](n),AB31,B13,HIGH SPEED DIFFERENTIAL I/O,lpc,xcvr,FALSE
lpc_dp_m2c[8],AA30,B08,HIGH SPEED DIFFERENTIAL I/O,lpc,xcvr,FALSE
lpc_dp_m2c[8](n),AA29,B09,HIGH SPEED DIFFERENTIAL I/O,lpc,xcvr,FALSE
lpc_dp_m2c[9],Y32,B04,HIGH SPEED DIFFERENTIAL I/O,lpc,xcvr,FALSE
lpc_dp_m2c[9](n),Y31,B05,HIGH SPEED DIFFERENTIAL I/O,lpc,xcvr,FALSE
lpc_gbtclk0_m2c,T28,D04,LVDS,lpc,xcvr,FALSE
lpc_gbtclk0_m2c(n),T27,D05,LVDS,lpc,xcvr,FALSE
lpc_gbtclk1_m2c,AF28,B20,LVDS,lpc,xcvr,FALSE
lpc_gbtclk1_m2c(n),AF27,B21,LVDS,lpc,xcvr,FALSE
lpc_la_n[0],AN18,G07,1.8V,lpc,io,TRUE
lpc_la_n[1],AP17,D09,1.8V,lpc,io,TRUE
lpc_la_n[10],AH15,H17,1.8V,lpc,io,TRUE
lpc_la_n[11],AD17,D18,1.8V,lpc,io,TRUE
lpc_la_n[12],AH17,C19,1.8V,lpc,io,TRUE
lpc_la_n[13],T8,G19,1.8V,lpc,io,TRUE
lpc_la_n[14],AH14,C23,1.8V,lpc,io,TRUE
lpc_la_n[15],M8,H26,1.8V,lpc,io,TRUE
lpc_la_n[16],P9,G25,1.8V,lpc,io,TRUE
lpc_la_n[17],W9,D24,1.8V,lpc,io,TRUE
lpc_la_n[18],T6,H29,1.8V,lpc,io,TRUE
lpc_la_n[19],U7,D27,1.8V,lpc,io,TRUE
lpc_la_n[2],AL18,H08,1.8V,lpc,io,TRUE
lpc_la_n[20],W7,C27,1.8V,lpc,io,TRUE
lpc_la_n[21],L6,H32,1.8V,lpc,io,TRUE
lpc_la_n[22],M7,H35,1.8V,lpc,io,TRUE
lpc_la_n[23],P7,G34,1.8V,lpc,io,TRUE
lpc_la_n[24],L5,H38,1.8V,lpc,io,TRUE
lpc_la_n[25],AH5,G37,1.2V,lpc,io,TRUE
lpc_la_n[3],AP15,G10,1.8V,lpc,io,TRUE
lpc_la_n[4],AE18,H11,1.8V,lpc,io,TRUE
lpc_la_n[5],AN17,D12,1.8V,lpc,io,TRUE
lpc_la_n[6],AP14,C11,1.8V,lpc,io,TRUE
lpc_la_n[8],AE19,G13,1.8V,lpc,io,TRUE
lpc_la_n[9],AK17,C15,1.8V,lpc,io,TRUE
lpc_la_n[9],AM16,D15,1.8V,lpc,io,TRUE
lpc_la_p[0],AM18,G06,1.8V,lpc,io,TRUE
lpc_la_p[1],AP16,D08,1.8V,lpc,io,TRUE
lpc_la_p[10],AC17,D17,1.8V,lpc,io,TRUE
lpc_la_p[11],AG17,C18,1.8V,lpc,io,TRUE
lpc_la_p[12],AJ14,C22,1.8V,lpc,io,TRUE
lpc_la_p[13],R8,H22,1.8V,lpc,io,TRUE
lpc_la_p[14],T9,G21,1.8V,lpc,io,TRUE
lpc_la_p[15],N8,H25,1.8V,lpc,io,TRUE
lpc_la_p[16],N9,G24,1.8V,lpc,io,TRUE
lpc_la_p[17],W10,D23,1.8V,lpc,io,TRUE
lpc_la_p[18],V7,D26,1.8V,lpc,io,TRUE
lpc_la_p[19],W6,C26,1.8V,lpc,io,TRUE
lpc_la_p[2],AK18,H07,1.8V,lpc,io,TRUE
lpc_la_p[20],K6,H31,1.8V,lpc,io,TRUE
lpc_la_p[21],K7,G30,1.8V,lpc,io,TRUE
lpc_la_p[22],M6,H34,1.8V,lpc,io,TRUE
lpc_la_p[23],N7,G33,1.8V,lpc,io,TRUE
lpc_la_p[24],M5,H37,1.8V,lpc,io,TRUE
lpc_la_p[25],AJ5,G36,1.2V,lpc,io,TRUE
lpc_la_p[3],AN15,G09,1.8V,lpc,io,TRUE
lpc_la_p[4],AD19,H10,1.8V,lpc,io,TRUE
lpc_la_p[5],AM17,D11,1.8V,lpc,io,TRUE
lpc_la_p[6],AN14,C10,1.8V,lpc,io,TRUE
lpc_la_p[7],AF19,G12,1.8V,lpc,io,TRUE
lpc_la_p[8],AL16,D14,1.8V,lpc,io,TRUE
lpc_la_p[9],AJ17,C14,1.8V,lpc,io,TRUE
pcie_0_perst_n,AE16,,1.8 V,pcie,,FALSE
pcie_0_refclk,AD28,,LVDS,pcie,,FALSE
pcie_0_refclk(n),AD27,,LVDS,pcie,,FALSE
pcie_0_rx[0],AE30,,HIGH SPEED DIFFERENTIAL I/O,pcie,,FALSE
pcie_0_rx[0](n),AE29,,HIGH SPEED DIFFERENTIAL I/O,pcie,,FALSE
pcie_0_rx[1],AD32,,HIGH SPEED DIFFERENTIAL I/O,pcie,,FALSE
pcie_0_rx[1](n),AD31,,HIGH SPEED DIFFERENTIAL I/O,pcie,,FALSE
pcie_0_rx[2],AC30,,HIGH SPEED DIFFERENTIAL I/O,pcie,,FALSE
pcie_0_rx[2](n),AC29,,HIGH SPEED DIFFERENTIAL I/O,pcie,,FALSE
pcie_0_rx[3],AB32,,HIGH SPEED DIFFERENTIAL I/O,pcie,,FALSE
pcie_0_rx[3](n),AB31,,HIGH SPEED DIFFERENTIAL I/O,pcie,,FALSE
pcie_0_rx[4],AA30,,HIGH SPEED DIFFERENTIAL I/O,pcie,,FALSE
pcie_0_rx[4](n),AA29,,HIGH SPEED DIFFERENTIAL I/O,pcie,,FALSE
pcie_0_rx[5],Y32,,HIGH SPEED DIFFERENTIAL I/O,pcie,,FALSE
pcie_0_rx[5](n),Y31,,HIGH SPEED DIFFERENTIAL I/O,pcie,,FALSE
pcie_0_rx[6],W30,,HIGH SPEED DIFFERENTIAL I/O,pcie,,FALSE
pcie_0_rx[6](n),W29,,HIGH SPEED DIFFERENTIAL I/O,pcie,,FALSE
pcie_0_rx[7],V32,,HIGH SPEED DIFFERENTIAL I/O,pcie,,FALSE
pcie_0_rx[7](n),V31,,HIGH SPEED DIFFERENTIAL I/O,pcie,,FALSE
pcie_0_tx[0],AN34,,HIGH SPEED DIFFERENTIAL I/O,pcie,,FALSE
pcie_0_tx[0](n),AN33,,HIGH SPEED DIFFERENTIAL I/O,pcie,,FALSE
pcie_0_tx[1],AL34,,HIGH SPEED DIFFERENTIAL I/O,pcie,,FALSE
pcie_0_tx[1](n),AL33,,HIGH SPEED DIFFERENTIAL I/O,pcie,,FALSE
pcie_0_tx[2],AJ34,,HIGH SPEED DIFFERENTIAL I/O,pcie,,FALSE
pcie_0_tx[2](n),AJ33,,HIGH SPEED DIFFERENTIAL I/O,pcie,,FALSE
pcie_0_tx[3],AG34,,HIGH SPEED DIFFERENTIAL I/O,pcie,,FALSE
pcie_0_tx[3](n),AG33,,HIGH SPEED DIFFERENTIAL I/O,pcie,,FALSE
pcie_0_tx[4],AE34,,HIGH SPEED DIFFERENTIAL I/O,pcie,,FALSE
pcie_0_tx[4](n),AE33,,HIGH SPEED DIFFERENTIAL I/O,pcie,,FALSE
pcie_0_tx[5],AC34,,HIGH SPEED DIFFERENTIAL I/O,pcie,,FALSE
pcie_0_tx[5](n),AC33,,HIGH SPEED DIFFERENTIAL I/O,pcie,,FALSE
pcie_0_tx[6],AA34,,HIGH SPEED DIFFERENTIAL I/O,pcie,,FALSE
pcie_0_tx[6](n),AA33,,HIGH SPEED DIFFERENTIAL I/O,pcie,,FALSE
pcie_0_tx[7],W34,,HIGH SPEED DIFFERENTIAL I/O,pcie,,FALSE
pcie_0_tx[7](n),W33,,HIGH SPEED DIFFERENTIAL I/O,pcie,,FALSE
TPA6130_i2c_SCL,L21,,1.8V,hps,misc,TRUE
TPA6130_i2c_SDA,M21,,1.8V,hps,misc,TRUE
TPA6130_power_off,T5,H28,1.8V,lpc,io,TRUE
